<?xml version="1.0"?>
<!DOCTYPE hibernate-mapping PUBLIC "-//Hibernate/Hibernate Mapping DTD 3.0//EN"
        "http://hibernate.sourceforge.net/hibernate-mapping-3.0.dtd">
<hibernate-mapping>
    <class name="dao.Compte" table="Compte">
        <id name="numeroCompte" type="java.lang.String">
            <column name="NUM_COMPTE" />
            <generator class="native" />
        </id>
        <property name="dateCreation" type="java.util.Date">
            <column name="DATE_CREATION_COMPTE" />
        </property>
        <property name="solde" type="java.lang.Double">
            <column name="SOLDE_COMPTE" />
        </property>
        <set name="operations" table="OPERATION" inverse="true" lazy="true">
            <key>
                <column name="NUM_COMPTE"/>
            </key>
            <one-to-many class="dao.Operation"/>
        </set>
    </class>
</hibernate-mapping>