<?xml version="1.0"?>
<!DOCTYPE hibernate-mapping PUBLIC "-//Hibernate/Hibernate Mapping DTD 3.0//EN"
        "http://hibernate.sourceforge.net/hibernate-mapping-3.0.dtd">
<hibernate-mapping>
    <class name="dao.Operation" table="Operation">
        <id name="codeOperation" type="java.lang.Long">
            <column name="CODE_OPERATION" />
            <generator class="native" />
        </id>
        <property name="designation" type="java.lang.String">
            <column name="DESIGNATION_OP" />
        </property>
        <property name="montant" type="java.lang.Double">
            <column name="MANTANT_OP" />
        </property>
    </class></hibernate-mapping>