<?xml version="1.0" encoding="UTF-8"?>
<!DOCTYPE hibernate-configuration PUBLIC
        "-//Hibernate/Hibernate Configuration DTD 3.0//EN"
        "http://hibernate.sourceforge.net/hibernate-configuration-3.0.dtd">
<hibernate-configuration>
  <session-factory>
    <!-- Database connection settings -->
    <property name="hibernate.connection.driver_class">com.mysql.jdbc.Driver</property>
    <property name="hibernate.connection.url">jdbc:mysql://localhost:3306/DB_GestionCompte</property>
    <property name="hibernate.connection.username">root</property>
    <property name="hibernate.connection.password"></property>

    <!-- SQL dialect -->
    <property name="hibernate.dialect">org.hibernate.dialect.MySQLDialect</property>

    <!-- Echo all executed SQL to stdout -->
    <property name="show_sql">true</property>

    <!-- Drop and re-create the database schema on startup -->
    <property name="hbm2ddl.auto">create</property>

    <!-- Mapping files -->

    <mapping resource="dao/Client.hbm.xml"/>
    <mapping resource="dao/Compte.hbm.xml"/>
    <mapping resource="dao/Operation.hbm.xml"/>
  </session-factory>
</hibernate-configuration>