<?xml version="1.0"?>
<!DOCTYPE hibernate-mapping PUBLIC "-//Hibernate/Hibernate Mapping DTD 3.0//EN"
        "http://hibernate.sourceforge.net/hibernate-mapping-3.0.dtd">
<hibernate-mapping>
    <class name="dao.Client" table="Client">
        <id name="codeClient" type="java.lang.Long">
            <column name="CODE_CLIENT" />
            <generator class="native" />
        </id>
        <property name="nom" type="java.lang.String">
            <column name="NOM_CLIENT" />
        </property>
        <property name="prenom" type="java.lang.String">
            <column name="PRENOM_CLIENT" />
        </property>
        <property name="telephone" type="java.lang.String">
            <column name="Telephone_Client"/>
        </property>
        <set name="comptes" table="COMPTE" inverse="true" lazy="true">
            <key>
                <column name="CODE_CLIENT"/>
            </key>
            <one-to-many class="dao.Compte"/>
        </set>
    </class>
</hibernate-mapping>